metadata	feature	value	coef	stderr	N	N.not.0	pval	qval
Group	superpathway.of.polyamine.biosynthesis.II	P	0.000725589120862104	0.000107943933156627	184	175	1.56161281214598e-09	2.09256116827562e-06
Group	superpathway.of.glycol.metabolism.and.degradation	P	-0.000794031914447507	0.000112406581459341	184	182	3.2683635885481e-09	2.18980360432723e-06
Group	nitrate.reduction.I.denitrification	P	0.00103540319332333	0.000186888596277919	184	183	2.51092146250526e-07	0.000112154491991901
Group	L.glutamate.and.L.glutamine.biosynthesis	P	0.00144950134038333	0.000292222599913431	184	184	3.31672122364621e-06	0.00111110160992148
Group	superpathway.of.glycolysis.pyruvate.dehydrogenase.TCA.and.glyoxylate.bypass	P	-0.00167074162307881	0.000378094348130338	184	184	3.0666985569532e-05	0.00821875213263457
Group	TCA.cycle.IV.2.oxoglutarate.decarboxylase	P	-0.0018089676117913	0.000454910845277153	184	184	0.000145089838066373	0.0324033971681566
Group	O.antigen.building.blocks.biosynthesis.E..coli	P	-0.000890158150901104	0.00023497451695002	184	184	0.000275674840359736	0.0475025598048826
Detection	superpathway.of.L.tyrosine.biosynthesis	P	-0.000490544343583934	0.000131843736270604	184	184	0.000283597371969448	0.0475025598048826
Group	dTDP.L.rhamnose.biosynthesis.I	P	-0.00139739556475331	0.000382129310052831	184	184	0.000429337578417903	0.05230112318909
Detection	superpathway.of.heme.biosynthesis.from.glycine	P	-0.000483556743647543	0.000132584247928188	184	183	0.000378089599986402	0.05230112318909
Detection	superpathway.of.pyrimidine.deoxyribonucleotides.de.novo.biosynthesis	P	-0.00056895921646054	0.000157239313039518	184	184	0.000404545338662837	0.05230112318909
Group	superpathway.of.glyoxylate.bypass.and.TCA	P	-0.00129298169156671	0.000355320457741165	184	184	0.000485369107228179	0.0541995503071467
Group	glyoxylate.cycle	P	-0.00118344730954948	0.000320857398575873	184	184	0.000546189586692467	0.0562995420129158
Detection	superpathway.of.L.serine.and.glycine.biosynthesis.I	P	0.000393163039585485	0.000112429817157816	184	184	0.000622631121842496	0.0595946930906389
Detection	superpathway.of.glycolysis.and.Entner.Doudoroff	P	-0.000435723424797749	0.000130370551290695	184	184	0.00107734842798672	0.0761241073381751
Group	pyruvate.fermentation.to.propanoate.I	P	0.00106241454904433	0.000309924235080312	184	183	0.000891921953740798	0.0761241073381751
Antibiotic	superpathway.of.polyamine.biosynthesis.II	Y	-0.000276962561812941	8.01922558869553e-05	184	175	0.00105146442974065	0.0761241073381751
Detection	superpathway.of.histidine.purine.and.pyrimidine.biosynthesis	P	-0.000449086059925312	0.000135499802952479	184	184	0.00111316739360352	0.0761241073381751
TType2	fatty.acid.salvage	NonSevere	-0.000962537319275558	0.000278793898443499	184	179	0.00119298974186692	0.0761241073381751
Detection	pyrimidine.deoxyribonucleotides.de.novo.biosynthesis.II	P	-0.000330302772151363	0.000100260573831905	184	184	0.00118992161226831	0.0761241073381751
Detection	tRNA.processing	P	-0.000627508272289426	0.000186700216500494	184	184	0.00102292105675026	0.0761241073381751
TType2	norspermidine.biosynthesis	NonSevere	0.000259715766778041	7.83667738388954e-05	184	158	0.00140615828192842	0.0856478226265492
Detection	L.histidine.degradation.I	P	0.000632711921262523	0.000198643165925847	184	184	0.00183333170662277	0.106811499429327
TType2	glycerol.degradation.to.butanol	NonSevere	0.000398837955504775	0.000124333404805293	184	180	0.00198132019445484	0.110623710857062
TType2	pyruvate.fermentation.to.isobutanol.engineered	NonSevere	-0.00121299193078604	0.000383292261507023	184	184	0.00230691823387353	0.123650817335621
Antibiotic	superpathway.of.histidine.purine.and.pyrimidine.biosynthesis	Y	-0.000443739694838563	0.000146321663091479	184	184	0.00278672789288561	0.133364834873811
Group	acetyl.CoA.fermentation.to.butanoate.II	P	-0.000910114467987969	0.000291263923616951	184	181	0.00277984845993568	0.133364834873811
Detection	superpathway.of.pyrimidine.deoxyribonucleotides.de.novo.biosynthesis.E..coli	P	-0.000304179497144742	9.97059234243724e-05	184	184	0.00269832031046395	0.133364834873811
TType2	pyruvate.fermentation.to.butanoate	NonSevere	0.000260435391292882	8.60957584118969e-05	184	179	0.00360404459727717	0.137983421724326
Group	reductive.acetyl.coenzyme.A.pathway	P	0.000536145856247535	0.000177782321159054	184	180	0.00329097732356304	0.137983421724326
TType2	protocatechuate.degradation.II.ortho.cleavage.pathway	NonSevere	-0.000578095778620037	0.000193607958670607	184	168	0.0032255994345182	0.137983421724326
TType2	superpathway.of.Clostridium.acetobutylicum.acidogenic.fermentation	NonSevere	0.000315142406678065	0.000103513046671223	184	179	0.00340480437396607	0.137983421724326
Detection	pyrimidine.deoxyribonucleotides.de.novo.biosynthesis.I	P	-0.000421695361509479	0.000141043463374526	184	184	0.00330169417233849	0.137983421724326
Antibiotic	pyrimidine.deoxyribonucleotides.de.novo.biosynthesis.II	Y	-0.000321549288979922	0.000108268009147846	184	184	0.003389622113555	0.137983421724326
Group	TCA.cycle.VIII.helicobacter	P	0.00144706050266076	0.000483568390847182	184	184	0.00356053219874492	0.137983421724326
Detection	adenosine.deoxyribonucleotides.de.novo.biosynthesis.II	P	0.000685289174856095	0.000234758104636287	184	184	0.00411916214018616	0.149180466698634
Detection	guanosine.deoxyribonucleotides.de.novo.biosynthesis.II	P	0.000685289174856095	0.000234758104636287	184	184	0.00411916214018616	0.149180466698634
Detection	starch.degradation.V	P	0.000772706727451764	0.000266316990295605	184	184	0.00432123540225851	0.152380406290169
TType2	aspartate.superpathway	NonSevere	0.000342989953112194	0.000117032951251773	184	184	0.00457595616996304	0.155624994558604
Group	superpathway.of.ubiquinol.8.biosynthesis.prokaryotic	P	-0.000975608135031614	0.000333793804308013	184	184	0.00464552222562998	0.155624994558604
Detection	X6.hydroxymethyl.dihydropterin.diphosphate.biosynthesis.I	P	0.000422152932954078	0.000148075806149264	184	184	0.00496605920253037	0.162305349546115
Detection	aspartate.superpathway	P	-0.000302776091656201	0.000107434678751682	184	184	0.00543307470231471	0.173340954788136
Group	X2.methylcitrate.cycle.II	P	-0.000788971811832639	0.000274731304922196	184	181	0.00557356511551279	0.173687843134585
Group	superpathway.of.guanosine.nucleotides.de.novo.biosynthesis.II	P	0.000625944342190195	0.00022222481424274	184	184	0.00584545558856145	0.174064677526052
Detection	anhydromuropeptides.recycling	P	-0.000522378164377373	0.000186142248899284	184	184	0.00573859967096428	0.174064677526052
TType2	superpathway.of.L.methionine.biosynthesis.transsulfuration	NonSevere	0.000642736539843576	0.000226675617046597	184	184	0.00606742144460617	0.176746624690702
TType2	fatty.acid.beta.oxidation.I	NonSevere	-0.000733913204683965	0.000271242075664852	184	182	0.0090715344920204	0.185213648804584
TType2	L.ornithine.biosynthesis	NonSevere	-0.000695461396639849	0.000258092028906635	184	184	0.00887869708140352	0.185213648804584
TType2	superpathway.of.Kdo2.lipid.A.biosynthesis	NonSevere	0.000759178199302576	0.000276468837007964	184	179	0.0077686103478903	0.185213648804584
TType2	L.leucine.degradation.I	NonSevere	-0.000445901435477344	0.000164795331825627	184	170	0.00747687422991043	0.185213648804584
Detection	reductive.TCA.cycle.I	P	-0.00050259822982793	0.000183809179194974	184	184	0.00698211806589701	0.185213648804584
Group	ppGpp.biosynthesis	P	-0.0013285442874309	0.000491041655237933	184	183	0.0081490611188161	0.185213648804584
Detection	glutaryl.CoA.degradation	P	-0.000262389132220685	9.93428506265714e-05	184	180	0.00909706554329733	0.185213648804584
Detection	superpathway.of.adenosine.nucleotides.de.novo.biosynthesis.II	P	0.000483705395677398	0.000181112852867767	184	184	0.00844898677606202	0.185213648804584
Group	norspermidine.biosynthesis	P	-0.000291766759308704	0.000107745881635617	184	158	0.00792565525975001	0.185213648804584
TType2	pyrimidine.deoxyribonucleotides.de.novo.biosynthesis.II	NonSevere	0.000293769448662945	0.000108266893492653	184	184	0.00731443077339406	0.185213648804584
Antibiotic	superpathway.of.pyrimidine.deoxyribonucleotides.de.novo.biosynthesis	Y	-0.000544753372551915	0.000200423066403247	184	184	0.00833778148597527	0.185213648804584
Group	adenosine.deoxyribonucleotides.de.novo.biosynthesis.II	P	0.00108014841859653	0.000404850166942696	184	184	0.00926068244022922	0.185213648804584
Group	guanosine.deoxyribonucleotides.de.novo.biosynthesis.II	P	0.00108014841859653	0.000404850166942696	184	184	0.00926068244022922	0.185213648804584
Detection	superpathway.of.adenosine.nucleotides.de.novo.biosynthesis.I	P	0.000466860114761155	0.000174182384670727	184	184	0.0082120800128141	0.185213648804584
Detection	superpathway.of.GDP.mannose.derived.O.antigen.building.blocks.biosynthesis	P	0.000636357626163451	0.000240309387047707	184	184	0.00910598775012308	0.185213648804584
TType2	superpathway.of.UDP.glucose.derived.O.antigen.building.blocks.biosynthesis	NonSevere	0.000322726608895363	0.000118837407509415	184	184	0.00726550517104618	0.185213648804584
Detection	mannan.degradation	P	0.000263412473229645	9.66815258264037e-05	184	171	0.00721641894829739	0.185213648804584
Detection	superpathway.of.L.alanine.biosynthesis	P	-0.000674078360388213	0.000246103119262817	184	184	0.00693069856629764	0.185213648804584
Detection	superpathway.of.heme.biosynthesis.from.uroporphyrinogen.III	P	-0.000318715010245437	0.00011837299452839	184	184	0.00794763849093794	0.185213648804584
Antibiotic	superpathway.of.pyrimidine.deoxyribonucleotides.de.novo.biosynthesis.E..coli	Y	-0.000343387408321324	0.000127442045269546	184	184	0.00884293883796794	0.185213648804584
Detection	NAD.salvage.pathway.I	P	0.00058956682072374	0.000215510889917735	184	184	0.00702995819496175	0.185213648804584
Group	CDP.diacylglycerol.biosynthesis.I	P	-0.000817757886994374	0.000306528741089507	184	184	0.00959145882416947	0.186268910498364
Group	CDP.diacylglycerol.biosynthesis.II	P	-0.000817757886994374	0.000306528741089507	184	184	0.00959145882416947	0.186268910498364
Detection	NAD.salvage.pathway.II	P	-0.000437977184489081	0.000167477962281903	184	184	0.00993875782635505	0.189862842742015
TType2	NAD.salvage.pathway.II	NonSevere	0.000662897293910537	0.000251557010785152	184	184	0.0100598968915545	0.189862842742015
Group	pentose.phosphate.pathway.non.oxidative.branch	P	0.000890994183756107	0.000340319051720932	184	184	0.010310113899407	0.191882675350075
Group	superpathway.of.purine.nucleotides.de.novo.biosynthesis.II	P	0.000466410968622021	0.000181807894485441	184	184	0.0117020957245805	0.195583415851983
Detection	heme.biosynthesis.II.anaerobic	P	-0.000494056753005273	0.000193088927243594	184	184	0.0116181010130267	0.195583415851983
Group	reductive.TCA.cycle.I	P	-0.000740280837463063	0.000286969283419723	184	184	0.0114879703865654	0.195583415851983
Detection	L.lysine.biosynthesis.III	P	0.000345089681057761	0.000134748427175163	184	184	0.0114499001058804	0.195583415851983
Group	ubiquinol.7.biosynthesis.prokaryotic	P	-0.000907298057224276	0.000352937186337925	184	184	0.0120417344192082	0.195583415851983
Group	ubiquinol.9.biosynthesis.prokaryotic	P	-0.000907298057224276	0.000352937186337925	184	184	0.0120417344192082	0.195583415851983
Group	ubiquinol.10.biosynthesis.prokaryotic	P	-0.000907298057224276	0.000352937186337925	184	184	0.0120417344192082	0.195583415851983
Antibiotic	superpathway.of.guanosine.nucleotides.de.novo.biosynthesis.II	Y	-0.00043111867081066	0.000167316871771013	184	184	0.012114495160981	0.195583415851983
Detection	superpathway.of.L.phenylalanine.biosynthesis	P	-0.00036432955202263	0.000141538599769567	184	184	0.0110232664403504	0.195583415851983
Group	ubiquinol.8.biosynthesis.prokaryotic	P	-0.000907298057224276	0.000352937186337925	184	184	0.0120417344192082	0.195583415851983
Antibiotic	pyrimidine.deoxyribonucleotides.de.novo.biosynthesis.I	Y	-0.00050669000791159	0.000194417198943986	184	184	0.0113655685312432	0.195583415851983
Group	superpathway.of.N.acetylglucosamine.N.acetylmannosamine.and.N.acetylneuraminate.degradation	P	-0.00073869907110837	0.00028852438243343	184	184	0.0124397606329068	0.198443800572562
TType2	superpathway.of.L.lysine.L.threonine.and.L.methionine.biosynthesis.I	NonSevere	0.000319475936123116	0.000125728127215763	184	184	0.0132967494053445	0.204800508082318
TType2	guanosine.nucleotides.degradation.III	NonSevere	-0.000706211526632398	0.000276114382257475	184	184	0.0132788367326979	0.204800508082318
Antibiotic	superpathway.of.guanosine.nucleotides.de.novo.biosynthesis.I	Y	-0.000491533595575759	0.000192794843747437	184	184	0.0130591671960328	0.204800508082318
TType2	adenosine.nucleotides.degradation.II	NonSevere	-0.000739249070088236	0.000291483119450103	184	183	0.0134906478020444	0.205425773349312
Detection	superpathway.of.L.lysine.L.threonine.and.L.methionine.biosynthesis.I	P	-0.000279482423469701	0.000112472542598747	184	184	0.0139962479943285	0.208388581248891
Group	D.fructuronate.degradation	P	0.000528995689881863	0.000211283374622181	184	184	0.0139703501352617	0.208388581248891
Group	mixed.acid.fermentation	P	-0.000679212219997781	0.000272885382535	184	184	0.0145458097431393	0.211862881041377
Antibiotic	mannan.degradation	Y	0.00031685442574705	0.000126175386798976	184	171	0.0144098605238216	0.211862881041377
Group	fatty.acid.salvage	P	0.000970168745241127	0.000390601800501074	184	179	0.0151991141030217	0.21438750418999
Antibiotic	pyrimidine.deoxyribonucleotide.phosphorylation	Y	-0.000514756117540201	0.000206562003396257	184	184	0.0151972306436003	0.21438750418999
TType2	L.tyrosine.degradation.I	NonSevere	-0.000313669978186406	0.000127571675109316	184	173	0.0148975510130137	0.21438750418999
Group	superpathway.of.phospholipid.biosynthesis.I.bacteria	P	-0.00061153672283275	0.000246441602193049	184	184	0.0153941525013575	0.214876711998116
TType2	superpathway.of.S.adenosyl.L.methionine.biosynthesis	NonSevere	0.000479095781565464	0.000194778062385581	184	184	0.0165950815384619	0.225744123716936
Group	L.lysine.biosynthesis.II	P	-0.000827357078651165	0.000339503319330712	184	184	0.0166781106328184	0.225744123716936
Group	CMP.legionaminate.biosynthesis.I	P	0.000392933421756494	0.000161065337028828	184	178	0.0164217532320249	0.225744123716936
Detection	tetrapyrrole.biosynthesis.II.from.glycine	P	-0.000383442000236695	0.000159513425860451	184	184	0.0175230790428652	0.232484415024153
Group	adenosylcobalamin.biosynthesis.I.early.cobalt.insertion	P	0.000262954974790554	0.000108864150086221	184	142	0.0174744645258222	0.232484415024153
Detection	coenzyme.A.biosynthesis.I	P	0.000381419004490845	0.000159147736577745	184	184	0.0177996396625698	0.233838403410231
Detection	enterobactin.biosynthesis	P	-0.000313405822960981	0.000132342986215601	184	177	0.0190981853414423	0.246072772668584
Group	glycerol.degradation.to.butanol	P	0.000411352551835366	0.000172634767906818	184	180	0.0190064882542096	0.246072772668584
Detection	gluconeogenesis.I	P	0.00030044141750048	0.000127189716786007	184	184	0.0194399580870181	0.246815064719748
TType2	X4.deoxy.L.threo.hex.4.enopyranuronate.degradation	NonSevere	-0.000301552178445973	0.000124919251743574	184	184	0.0196639371078609	0.246815064719748
Group	protein.N.glycosylation.bacterial	P	0.000249613299246995	0.000105715644612527	184	175	0.0200767478018303	0.246815064719748
Detection	adenosine.ribonucleotides.de.novo.biosynthesis	P	0.000358277249000227	0.000152482336525006	184	184	0.0200682969030706	0.246815064719748
Group	superpathway.of.L.serine.and.glycine.biosynthesis.I	P	-0.00046631257137817	0.000197287929377618	184	184	0.0200056384960323	0.246815064719748
Group	fatty.acid.beta.oxidation.I	P	0.000890061181126816	0.000377157588416304	184	182	0.0206120185047198	0.24982575436801
Detection	superpathway.of.tetrahydrofolate.biosynthesis.and.salvage	P	0.000267247097827296	0.000114272540665485	184	184	0.0206945214439172	0.24982575436801
