metadata	feature	value	coef	stderr	N	N.not.0	pval	qval
Group	pyrimidine.deoxyribonucleotides.biosynthesis.from.CTP	P	-0.000863673821292739	0.00016628859465188	113	90	5.32777926059398e-06	0.00729905758701376
Group	thiazole.biosynthesis.I.E..coli	P	-0.00283311151208556	0.000621599866666513	113	113	2.63504546037508e-05	0.0120333742690462
Group	pyrimidine.deoxyribonucleotides.de.novo.biosynthesis.IV	P	-0.000702945259143983	0.00014613612774645	113	90	2.32262581459408e-05	0.0120333742690462
FType2	superpathway.of.geranylgeranyldiphosphate.biosynthesis.I.via.mevalonate	NonSevere	-0.00115275264883808	0.000269925305892505	113	105	7.28215056605889e-05	0.0203540226387632
FType2	mevalonate.pathway.I	NonSevere	-0.000959622314768539	0.000224977038941772	113	105	7.42847541560702e-05	0.0203540226387632
Group	superpathway.of.geranylgeranyldiphosphate.biosynthesis.I.via.mevalonate	P	0.00129269771474023	0.000334621686943158	113	105	0.000295001614817905	0.0510526213944872
FType2	peptidoglycan.biosynthesis.V.beta.lactam.resistance	NonSevere	-0.000767018482081386	0.000193862002530882	113	99	0.000234958914316063	0.0510526213944872
Antibiotic	guanosine.nucleotides.degradation.III	Y	-0.0013859151144848	0.000350496605835773	113	113	0.000298117497194086	0.0510526213944872
Antibiotic	purine.nucleobases.degradation.I.anaerobic	Y	-0.00130914562829004	0.000344129163385025	113	112	0.000420493642780026	0.0576076290608636
Group	mevalonate.pathway.I	P	0.00105078269077326	0.000278945434785015	113	105	0.000402270833530373	0.0576076290608636
Antibiotic	L.lysine.biosynthesis.I	Y	-0.00168242256307779	0.000458589866313375	113	113	0.000591653127319939	0.0712544599059499
Antibiotic	fucose.degradation	Y	-0.00120444374781615	0.000340010083369878	113	113	0.00088417942948989	0.0712544599059499
FType2	glycogen.degradation.I.bacterial	NonSevere	0.00175526916000778	0.000489233812340069	113	113	0.000703892165479203	0.0712544599059499
Group	heme.biosynthesis.I.aerobic	P	0.000864801950214622	0.000240969266761223	113	113	0.000751366771351561	0.0712544599059499
FType2	heme.biosynthesis.II.anaerobic	NonSevere	-0.00109785782843353	0.000309671514137101	113	113	0.000856521429387193	0.0712544599059499
FType2	L.lysine.biosynthesis.VI	NonSevere	0.00130498623997879	0.000367633625243593	113	113	0.00082762020253362	0.0712544599059499
FType2	thiazole.biosynthesis.I.E..coli	NonSevere	0.00180882730249606	0.000503351648838155	113	113	0.000668607006545424	0.0712544599059499
Group	superpathay.of.heme.biosynthesis.from.glutamate	P	0.000946340677014742	0.000269773340331345	113	113	0.000962324379588986	0.0732435777798284
FType2	NAD.salvage.pathway.I	NonSevere	0.00156690449050146	0.00045364496364939	113	113	0.00101938098804636	0.0735027344012373
Antibiotic	superpathway.of.fucose.and.rhamnose.degradation	Y	-0.00102267836023076	0.000290572229814272	113	113	0.00107727148191818	0.0737930965113955
Group	peptidoglycan.biosynthesis.V.beta.lactam.resistance	P	0.000824695746717461	0.000239403471189982	113	99	0.00115721430618193	0.0754944571175829
Group	arginine.ornithine.and.proline.interconversion	P	0.000539886825684809	0.000158394959290763	113	109	0.00128348315361015	0.0764509530628655
Group	lactose.and.galactose.degradation.I	P	0.000724715030873046	0.000212999084749477	113	108	0.00123046382860341	0.0764509530628655
Group	formaldehyde.oxidation.I	P	0.000825653571507254	0.000245460446515362	113	110	0.00136039295334019	0.077655764419836
Group	heme.biosynthesis.II.anaerobic	P	0.00129063825549943	0.000384062027425819	113	113	0.00142221000748799	0.077937108410342
Group	methanogenesis.from.acetate	P	-0.000895458981603583	0.000267468863930376	113	92	0.00191713750384087	0.101018399240846
FType2	inosine.5..phosphate.biosynthesis.III	NonSevere	-0.00198416038098308	0.000614101890835495	113	113	0.0019914570999288	0.101048008403795
FType2	heme.biosynthesis.I.aerobic	NonSevere	-0.000627846438727796	0.000193654742392263	113	113	0.00225241462012044	0.107461930691015
Group	formaldehyde.assimilation.II.RuMP.Cycle	P	0.00182550273654465	0.000575258075531295	113	110	0.00227474159856894	0.107461930691015
Group	L.arginine.biosynthesis.III.via.N.acetyl.L.citrulline	P	-0.00132200051276745	0.000430025919126506	113	113	0.00267821410564149	0.122305110824295
Sex	urea.cycle	M	-0.000557187884576994	0.000181143059749942	113	113	0.00298650738401084	0.131984358583705
Antibiotic	phosphatidylglycerol.biosynthesis.I.plastidic	Y	-0.00136248603285219	0.000441461741437364	113	113	0.00342668421137358	0.142259314229752
Antibiotic	phosphatidylglycerol.biosynthesis.II.non.plastidic	Y	-0.00136248603285219	0.000441461741437364	113	113	0.00342668421137358	0.142259314229752
Group	NAD.salvage.pathway.I	P	-0.00169541247921777	0.00056040370488851	113	113	0.00367835497676904	0.148216068181576
Group	superpathway.of.histidine.purine.and.pyrimidine.biosynthesis	P	0.00153513589245661	0.00050510588631967	113	113	0.00390809469393572	0.152246158591683
Antibiotic	purine.nucleotides.degradation.II.aerobic	Y	-0.000908363954692118	0.000298695276804333	113	113	0.00400062898489094	0.152246158591683
FType2	superpathway.of.geranylgeranyl.diphosphate.biosynthesis.II.via.MEP	NonSevere	0.00129108679001255	0.000432277163533567	113	113	0.00412824641644297	0.152856691635861
FType2	methylerythritol.phosphate.pathway.I	NonSevere	0.00137136397414259	0.000464666869217503	113	113	0.00451675160399669	0.154698742436887
Antibiotic	superpathway.of.phospholipid.biosynthesis.I.bacteria	Y	-0.000989927716477079	0.000330535310474977	113	113	0.00442610923202908	0.154698742436887
FType2	methylerythritol.phosphate.pathway.II	NonSevere	0.00137136397414259	0.000464666869217503	113	113	0.00451675160399669	0.154698742436887
Group	taxadiene.biosynthesis.engineered	P	0.0014214400855845	0.000481588371349427	113	113	0.0048431775087778	0.1618330045616
Antibiotic	Kdo.transfer.to.lipid.IVA.III.Chlamydia	Y	0.00120702310019303	0.000417341025691226	113	113	0.0057313715300001	0.186951880859527
Sex	glycerol.degradation.to.butanol	M	-0.000476564768262212	0.000166384142428362	113	105	0.00600856057429431	0.191435534576354
Sex	superpathway.of.glycerol.degradation.to.13.propanediol	M	-0.000233452371159401	8.27984108446484e-05	113	101	0.0065824053085759	0.200701555847257
Antibiotic	sucrose.degradation.III.sucrose.invertase	Y	-0.00180582577999448	0.000637054549317887	113	113	0.00659238687089529	0.200701555847257
FType2	superpathay.of.heme.biosynthesis.from.glutamate	NonSevere	-0.00061628483451334	0.000217456703394819	113	113	0.00681830839411883	0.203067010868322
FType2	pyrimidine.deoxyribonucleotides.de.novo.biosynthesis.I	NonSevere	-0.0011143420457099	0.000401937752273996	113	113	0.00751077003872974	0.21893095644808
